"Nome Progetto","Data Inizio","Data Fine (Se Completato)","Descrizione","Stato","Progetto di Gruppo"
"CloudMaster","01/02/2022","20/03/2022","Un'applicazione cloud per la gestione dei dati","Completato","Sì"
"AIChatbot","10/05/2022","-","Un chatbot alimentato dall'intelligenza artificiale","In corso","No"
"GameHub","15/04/2022","-","Una piattaforma di gioco online","In corso","Sì"
"SecureVault","03/07/2022","10/08/2022","Un sistema di archiviazione sicuro per dati sensibili","Completato","No"
"DataAnalyzer","02/06/2022","30/07/2022","Un software per l'analisi dei dati","Sospeso","No"
"SmartHomeControl","09/08/2022","24/09/2022","Un'applicazione per il controllo automatizzato di una casa intelligente","Completato","Sì"
"TimeTracker","05/10/2022","-","Un'applicazione per il monitoraggio del tempo di lavoro","In corso","No"
"StockBot","15/09/2022","-","Un bot per il monitoraggio e l'analisi delle azioni di borsa","In corso","No"
"HealthTracker","01/11/2022","-","Un'app per il tracciamento delle attività fisiche e dei parametri di salute","In corso","No"
"CodeReviewer","17/10/2022","20/11/2022","Una piattaforma per la revisione automatica del codice","Completato","Sì"
"eCommerceExpress","28/06/2022","05/09/2022","Una piattaforma di e-commerce per piccole imprese","Completato","Sì"
"MusicStreamer","12/12/2022","-","Un'app per lo streaming di musica in tempo reale","In corso","No"
"VirtualTour","03/11/2022","25/12/2022","Una piattaforma per la visita virtuale di siti turistici","Completato","No"
"ExpenseTracker","01/10/2022","-","Una app per il monitoraggio delle spese personali","In corso","No"
"SocialMediaAnalyzer","05/11/2022","-","Un software per l'analisi dei dati dei social media","In corso","No"
"DataBackupTool","01/09/2022","15/10/2022","Uno strumento per il backup automatico dei dati","Completato","No"
"ProjectPlanner","20/11/2022","28/12/2022","Un'app per la gestione dei progetti e delle scadenze","Completato","No"
"CodeOptimizer","02/08/2022","-","Un'utility per l'ottimizzazione automatica del codice","In corso","No"
"FitnessTracker","15/12/2022","-","Un'app per il tracciamento delle attività fisiche e di fitness","In corso","No"
"ChatSecure","10/10/2022","20/12/2022","Una chat cifrata per la comunicazione sicura","Completato","No"
"TravelPlanner","01/02/2023","-","Un'app per la pianificazione e l'organizzazione dei viaggi","In corso","No"
"RemoteCollaboration","10/04/2023","-","Una piattaforma per la collaborazione a distanza tra team","In corso","Sì"
"LanguageTranslator","15/03/2023","20/05/2023","Un'app per la traduzione automatica di testi in diverse lingue","Completato","Sì"
"EventManagement","03/07/2023","10/09/2023","Un'app per la gestione di eventi e registrazioni","Completato","No"
"HomeSecuritySystem","02/06/2023","30/08/2023","Un sistema di sicurezza intelligente per la casa","Sospeso","No"
"RecipeFinder","09/08/2023","24/10/2023","Un'app per la ricerca di ricette e la gestione delle liste della spesa","Completato","Sì"
"ExpenseSplitter","05/10/2023","-","Un'app per la divisione delle spese tra amici e compagni di casa","In corso","No"
"NewsAggregator","15/09/2023","-","Un'app per l'aggregazione e la visualizzazione di notizie da diverse fonti","In corso","No"
"VirtualAssistant","01/11/2023","-","Un assistente virtuale basato sull'intelligenza artificiale","In corso","No"
"TaskManager","17/10/2023","20/12/2023","Un'app per la gestione e l'organizzazione delle attività quotidiane","Completato","Sì"
"CarRentalApp","28/06/2023","05/09/2023","Un'app per la prenotazione di auto a noleggio","Completato","Sì"
"PhotoEditor","12/12/2023","-","Un'app per l'editing e la modifica delle foto","In corso","No"
"JobSearchPlatform","03/11/2023","25/01/2024","Una piattaforma per la ricerca e la candidatura a offerte di lavoro","Completato","No"
"ExpenseAnalyzer","01/10/2023","-","Una app per l'analisi e la ricerca delle tendenze delle spese personali","In corso","No"
"StockAnalyzer","05/11/2023","-","Un software per l'analisi e la previsione delle performance delle azioni di borsa","In corso","No"
"DataVisualization","01/09/2023","15/11/2023","Uno strumento per la visualizzazione e l'interpretazione dei dati","Completato","No"
"MemoryGame","20/11/2023","28/01/2024","Un gioco di memoria per il miglioramento della concentrazione","Completato","No"
"CodeEditor","02/08/2023","-","Un'app per lo sviluppo e la modifica del codice sorgente","In corso","No"
"MusicRecommendation","15/12/2023","-","Un'algoritmo di raccomandazione musicale basato sui gusti dell'utente","In corso","No"
"InvoiceGenerator","10/10/2023","20/12/2023","Uno strumento per la generazione automatica di fatture e preventivi","Completato","No"
